M,N,K,cuBLAS (TFLOPS),Triton (TFLOPS)
256.000000,256.000000,256.000000,4.681143,4.681143
384.000000,384.000000,384.000000,12.288000,12.288000
512.000000,512.000000,512.000000,26.214401,23.831273
640.000000,640.000000,640.000000,50.567902,39.384616
768.000000,768.000000,768.000000,58.982401,63.195428
896.000000,896.000000,896.000000,82.642822,87.808000
1024.000000,1024.000000,1024.000000,104.857603,116.508440
1152.000000,1152.000000,1152.000000,57.319429,99.532803
1280.000000,1280.000000,1280.000000,66.064517,124.121211
1408.000000,1408.000000,1408.000000,85.184000,155.765024
1536.000000,1536.000000,1536.000000,102.578085,144.446699
1664.000000,1664.000000,1664.000000,118.406742,140.608000
1792.000000,1792.000000,1792.000000,135.618996,160.563196
1920.000000,1920.000000,1920.000000,168.585369,170.864431
2048.000000,2048.000000,2048.000000,188.508043,195.083907
2176.000000,2176.000000,2176.000000,152.451878,159.711493
2304.000000,2304.000000,2304.000000,152.152049,171.855199
2432.000000,2432.000000,2432.000000,165.322334,186.056053
2560.000000,2560.000000,2560.000000,176.172039,202.271609
2688.000000,2688.000000,2688.000000,193.566861,196.544332
2816.000000,2816.000000,2816.000000,205.727397,210.696652
2944.000000,2944.000000,2944.000000,211.169621,213.888550
3072.000000,3072.000000,3072.000000,173.159346,184.440073
3200.000000,3200.000000,3200.000000,188.235295,196.923076
3328.000000,3328.000000,3328.000000,200.532859,205.689424
3456.000000,3456.000000,3456.000000,211.051226,215.295855
3584.000000,3584.000000,3584.000000,223.670127,228.211653
3712.000000,3712.000000,3712.000000,187.776971,207.255899
3840.000000,3840.000000,3840.000000,192.517014,199.624539
3968.000000,3968.000000,3968.000000,206.121505,206.470275
4096.000000,4096.000000,4096.000000,213.722494,214.063362
