size,PyTorch (GB/s),Triton (GB/s)
4096.000000,12.000000,12.000000
8192.000000,19.200000,19.200000
16384.000000,38.400001,38.400001
32768.000000,76.800002,76.800002
65536.000000,127.999995,127.999995
131072.000000,192.000000,192.000000
262144.000000,341.333321,310.107257
524288.000000,438.857137,438.857137
1048576.000000,558.545450,558.545450
2097152.000000,585.142862,585.142862
4194304.000000,606.814827,599.414644
8388608.000000,614.520012,614.640111
16777216.000000,628.140581,626.140119
33554432.000000,643.561379,642.509800
67108864.000000,651.829264,656.180200
134217728.000000,650.212478,667.033071
